Date,Symbol,Security Name,Client Name,Buy/Sell,Quantity Traded,Trade Price / Wght. Avg. Price
21-AUG-2026,AMAGI,Amagi Media Labs Limited,UNIVERSITY OF NOTRE DAME DU LAC,BUY,142857,560.00
21-AUG-2026,AMAGI,Amagi Media Labs Limited,SBI MUTUAL FUND,BUY,3248305,560.00
21-AUG-2026,AMAGI,Amagi Media Labs Limited,SUSQUEHANNA PACIFIC PTY LTD,BUY,446429,560.00
21-AUG-2026,AMAGI,Amagi Media Labs Limited,BOFA SECURITIES EUROPE SA,BUY,223231,560.00
21-AUG-2026,AMAGI,Amagi Media Labs Limited,HDFC STANDARD LIFE INSURANCE COMPANY LTD,BUY,1785713,560.00
21-AUG-2026,AMAGI,Amagi Media Labs Limited,ICICI PRUDENTIAL MUTUAL FUND,BUY,934444,560.00
21-AUG-2026,AMAGI,Amagi Media Labs Limited,SBI MUTUAL FUND,BUY,1840979,560.00
21-AUG-2026,AMAGI,Amagi Media Labs Limited,TATA MUTUAL FUND,BUY,446433,560.00
21-AUG-2026,AMAGI,Amagi Media Labs Limited,BOFA SECURITIES EUROPE SA,BUY,223200,560.00
21-AUG-2026,AMAGI,Amagi Media Labs Limited,GP EMERGING MARKETS STRATEGIES LP,BUY,98215,560.00
21-AUG-2026,AMAGI,Amagi Media Labs Limited,EDELWEISS MUTUAL FUND,BUY,446429,560.00
21-AUG-2026,AMAGI,Amagi Media Labs Limited,DT FUND,BUY,205357,560.00
21-AUG-2026,AMAGI,Amagi Media Labs Limited,BARODA BNP PARIBAS MUTUAL FUND,BUY,446429,560.00
21-AUG-2026,NXT-INFRA,Nxt-Infra Trust,LARSEN & TOUBRO LIMITED,BUY,11700000,93.85
21-AUG-2026,NXT-INFRA,Nxt-Infra Trust,KOTAK MAHINDRA BANK LIMITED,BUY,8800000,93.85
21-AUG-2026,NXT-INFRA,Nxt-Infra Trust,KOTAK MAHINDRA INVESTMENTS LIMITED,BUY,5850000,93.85
21-AUG-2026,SHANTIGEAR,Shanthi Gears Ltd,TUBE INVESTMENT OF INDIA LIMITED,BUY,2064713,375.30
21-AUG-2026,AMAGI,Amagi Media Labs Limited,TRUDY HOLDINGS,SELL,3169073,560.00
21-AUG-2026,AMAGI,Amagi Media Labs Limited,AVP I FUND,SELL,1864948,560.00
21-AUG-2026,AMAGI,Amagi Media Labs Limited,ACCEL GROWTH VI HOLDINGS (MAURITIUS) LTD.,SELL,2727000,560.00
21-AUG-2026,AMAGI,Amagi Media Labs Limited,ACCEL INDIA VI (MAURITIUS) LTD.,SELL,2727000,560.00
21-AUG-2026,NXT-INFRA,Nxt-Infra Trust,ACTIS HIGHWAY INFRA LIMITED,SELL,26350000,93.85
21-AUG-2026,SHANTIGEAR,Shanthi Gears Ltd,PACIFIC ASSETS TRUST PLC,SELL,2064713,375.30
