Index Name,Index Date,Open Index Value,High Index Value,Low Index Value,Closing Index Value
BANK NIFTY,21-03-2000,1074.75,1074.75,1074.75,1074.75
CNX FMCG,21-03-2000,3198.89,3198.89,3198.89,3198.89
CNX IT,21-03-2000,0,0,0,60907.7
CNX MNC,21-03-2000,1716.08,1716.08,1716.08,1716.08
CNX NIFTY JUNIOR,21-03-2000,3914.3,3915.8,3716.35,3730.9
CNX PSE,21-03-2000,533.26,533.26,533.26,533.26
CNX SERVICE,21-03-2000,3139.24,3139.24,3139.24,3139.24
S&P CNX 500,21-03-2000,1327.2,1341.4,1291.8,1300.2
S&P CNX NIFTY,21-03-2000,1563.3,1585.25,1542.65,1556.6
